INSERT INTO questionnaire (id, name) VALUES (1, 'Questionnaire 1');
INSERT INTO question (id, title, questionType, questionnaire_id) VALUES (1, 'Question 1 1', 'multiple', 1);
INSERT INTO question_multiple (id) VALUES (1);
INSERT INTO question (id, title, questionType, questionnaire_id) VALUES (2, 'Question 1 2', 'text', 1);
INSERT INTO question_text (id) VALUES (2);
INSERT INTO question (id, title, questionType, questionnaire_id) VALUES (3, 'Question 1 3', 'multiple', 1);
INSERT INTO question_multiple (id) VALUES (3);
INSERT INTO questionnaire (id, name) VALUES (2, 'Questionnaire 2');
INSERT INTO question (id, title, questionType, questionnaire_id) VALUES (4, 'Question 2 4', 'text', 2);
INSERT INTO question_text (id) VALUES (4);
INSERT INTO question (id, title, questionType, questionnaire_id) VALUES (5, 'Question 2 5', 'multiple', 2);
INSERT INTO question_multiple (id) VALUES (5);
INSERT INTO question (id, title, questionType, questionnaire_id) VALUES (6, 'Question 2 6', 'text', 2);
INSERT INTO question_text (id) VALUES (6);
INSERT INTO questionnaire (id, name) VALUES (3, 'Questionnaire 3');
INSERT INTO question (id, title, questionType, questionnaire_id) VALUES (7, 'Question 3 7', 'text', 3);
INSERT INTO question_text (id) VALUES (7);
INSERT INTO question (id, title, questionType, questionnaire_id) VALUES (8, 'Question 3 8', 'multiple', 3);
INSERT INTO question_multiple (id) VALUES (8);
INSERT INTO question (id, title, questionType, questionnaire_id) VALUES (9, 'Question 3 9', 'multiple', 3);
INSERT INTO question_multiple (id) VALUES (9);
INSERT INTO questionnaire (id, name) VALUES (4, 'Questionnaire 4');
INSERT INTO question (id, title, questionType, questionnaire_id) VALUES (10, 'Question 4 10', 'text', 4);
INSERT INTO question_text (id) VALUES (10);
INSERT INTO question (id, title, questionType, questionnaire_id) VALUES (11, 'Question 4 11', 'multiple', 4);
INSERT INTO question_multiple (id) VALUES (11);
INSERT INTO question (id, title, questionType, questionnaire_id) VALUES (12, 'Question 4 12', 'text', 4);
INSERT INTO question_text (id) VALUES (12);
INSERT INTO questionnaire (id, name) VALUES (5, 'Questionnaire 5');
INSERT INTO question (id, title, questionType, questionnaire_id) VALUES (13, 'Question 5 13', 'text', 5);
INSERT INTO question_text (id) VALUES (13);
INSERT INTO question (id, title, questionType, questionnaire_id) VALUES (14, 'Question 5 14', 'text', 5);
INSERT INTO question_text (id) VALUES (14);
INSERT INTO question (id, title, questionType, questionnaire_id) VALUES (15, 'Question 5 15', 'multiple', 5);
INSERT INTO question_multiple (id) VALUES (15);
